[
  {
    "id": "ba495346-1a46-4508-b144-33a4053b460e",
    "data": [
      {
        "text": "Register for ",
        "userDefined": false
      },
      {
        "text": "14 -day",
        "meta": "@sys.ignore",
        "userDefined": false
      },
      {
        "text": " Quarantine",
        "userDefined": false
      }
    ],
    "isTemplate": false,
    "count": 0,
    "updated": 0
  },
  {
    "id": "d3168cd4-b0fa-4fd9-ab2e-449e60d514f4",
    "data": [
      {
        "text": "2",
        "meta": "@sys.ignore",
        "userDefined": false
      }
    ],
    "isTemplate": false,
    "count": 0,
    "updated": 0
  },
  {
    "id": "108aab60-b1c2-4ac1-86ee-c78c00fbc8b0",
    "data": [
      {
        "text": "14 -day",
        "meta": "@sys.ignore",
        "userDefined": false
      },
      {
        "text": " Quarantine",
        "userDefined": false
      }
    ],
    "isTemplate": false,
    "count": 0,
    "updated": 0
  }
]