[
  {
    "id": "ff23fc71-d03b-4c74-b7e0-f5cbec21834a",
    "data": [
      {
        "text": "Know FAQ about COVID-19",
        "userDefined": false
      }
    ],
    "isTemplate": false,
    "count": 0,
    "updated": 0
  },
  {
    "id": "45806283-4fe1-4479-864b-7d9cd2cae5b7",
    "data": [
      {
        "text": "3",
        "meta": "@sys.ignore",
        "userDefined": false
      }
    ],
    "isTemplate": false,
    "count": 0,
    "updated": 0
  },
  {
    "id": "68b86ab3-9044-46bc-a699-aa19746b588f",
    "data": [
      {
        "text": "FAQ about COVID-19",
        "userDefined": false
      }
    ],
    "isTemplate": false,
    "count": 0,
    "updated": 0
  }
]